Rank,leagueId,leagueName,seasonId,seasonName,seasonNameLong,leagueNameLong,gameId,Date,teamId,Home,Away,Win,Loss,Draw,Team,abbrevName,opponentId,opponentToken,opponent,opponentTeamImageId,Result,TouchOpBox,Toques Tercio Rival P90,Recuperaciones entre 5 segundos %,Recuperaciones entre 10 segundos %,RcvryM3,RcvryD3,RcvryA3,ProgPass,ProgCarry,PrlgcnesCabza,Presiones AltasP90,Poss% Campo Rival,Poss% Campo Defensivo,Poss% Campo Def (Equipo),LBPOwnHalf,LBPIntoA3,LBP Mid Line,LBP Def Line,LBP,KeyPassPer90,juego interior,HighTOEndGoal,HighPrsrPerOppTchD3,HighPrsrBWOppHfLft,HighPrsrBWOppHfRght,HighPrsrBWToShot10s,HighPrsrAppD3,HighPrsrAppOwnHalf,HighPrsrAppOppHalf,HighPrsrAppM3,HighPrsrAppA3,HighPrsrApp,GoalKick,Goles desde el Area,GolCarrilCentral,GolBanIZQ,GolBanDER,FwdPass%,FwdPass,ExpG,Duelos ganados ctl,Duelos Def,ConduccProg,centros 3_4 izq,centros 3_4 der,CarryPass,AvgPossWidth,1v1/90,%TeamPropHighPrsr,% Attack through Left Flank,% Attack through Middle,% Attack through Right Flank,AvgWP,AvgPossTime,%PassFwd,ShtIncBl,Crosses,BgChnc
1,34pl8szyvrbwcmfkuocjm3r6t,Primera División,80zg2v1cuqcfhphn56u4qpyqc,2025/2026,Primera División 2025/2026 (Spain),Primera División (Spain),ytxz0i1eppxxqupm27ktuln8,2025-10-26 15:15:00,3kq9cckrnlogidldtdie2fkbl,true,false,true,false,false,RMA,RMA,agh9ifb2mw3ivjusgedj7c3fe,BAR,BAR,178,W 2-1,17,163.00,25.8%,41.9%,18,14,5,41,47,1,323.00,29.3%,34.2%,49.9%,21,8,35,6,35,15.00,37,0,49.1%,5,6,0,112,194,129,124,87,323,6,2,2,0,0,35.6%,98,3.63,52.9%,28,16,0,0,178,32.1,24.00,-,18.2%,13.6%,27.3%,61.4%,22.0,35.6%,23,12,4
2,34pl8szyvrbwcmfkuocjm3r6t,Primera División,80zg2v1cuqcfhphn56u4qpyqc,2025/2026,Primera División 2025/2026 (Spain),Primera División (Spain),3ubq4xhedh6kqvsb2d7cvw650,2026-05-17 17:00:00,3kq9cckrnlogidldtdie2fkbl,false,true,true,false,false,RMA,RMA,10eyb18v5puw4ez03ocaug09m,SEV,SEV,179,W 1-0,26,123.00,29.4%,29.4%,17,21,2,36,78,3,245.00,46.8%,66.4%,67.3%,25,13,46,6,46,9.00,49,0,66.5%,4,3,0,115,160,85,81,49,245,13,1,1,0,0,29.9%,159,1.00,56.9%,24,21,0,1,321,34.4,26.00,-,20.7%,20.7%,20.7%,67.6%,26.2,29.9%,12,6,2
3,34pl8szyvrbwcmfkuocjm3r6t,Primera División,80zg2v1cuqcfhphn56u4qpyqc,2025/2026,Primera División 2025/2026 (Spain),Primera División (Spain),16234pc0mx6bpyeqhj4i81p90,2025-11-09 15:15:00,3kq9cckrnlogidldtdie2fkbl,false,true,false,false,true,RMA,RMA,3budh3j9xivsid3ptm8ptpy4k,RAY,RAY,184,D 0-0,22,198.00,31.6%,50.0%,13,17,3,60,79,0,248.00,58.0%,51.3%,49.3%,22,15,40,2,40,14.00,57,0,50.3%,3,2,0,72,114,135,81,95,248,17,0,0,0,0,33.9%,151,0.98,57.1%,14,39,3,2,261,34.3,34.00,-,16.1%,9.7%,16.1%,24.7%,26.9,33.9%,21,19,1
4,34pl8szyvrbwcmfkuocjm3r6t,Primera División,80zg2v1cuqcfhphn56u4qpyqc,2025/2026,Primera División 2025/2026 (Spain),Primera División (Spain),4zhv5gr0aqfz7e8e32rrx6hg,2025-08-24 19:30:00,3kq9cckrnlogidldtdie2fkbl,false,true,true,false,false,RMA,RMA,clo928vcczjp0mczavs5o7p5k,OVI,OVI,187,W 3-0,16,369.00,27.8%,33.3%,26,12,10,81,115,0,203.00,79.6%,42.4%,27.7%,6,25,66,5,66,18.00,189,2,45.6%,6,5,0,41,73,130,63,99,203,4,3,3,0,0,22.3%,156,2.68,78.4%,28,36,0,1,616,34.2,44.00,-,15.2%,13.0%,15.2%,69.9%,33.0,22.3%,26,15,4
5,34pl8szyvrbwcmfkuocjm3r6t,Primera División,80zg2v1cuqcfhphn56u4qpyqc,2025/2026,Primera División 2025/2026 (Spain),Primera División (Spain),2wpgnr91h1yid0zf4zu0y5afo,2026-03-22 20:00:00,3kq9cckrnlogidldtdie2fkbl,true,false,true,false,false,RMA,RMA,4ku8o6uf87yd8iecdalipo6wd,ATM,ATM,175,W 3-2,19,221.00,34.5%,55.2%,20,9,6,72,75,1,262.00,55.4%,49.4%,41.3%,18,20,52,4,52,10.00,104,2,41.5%,4,7,0,71,121,141,93,98,262,4,2,2,1,0,26.3%,147,2.41,43.3%,14,30,1,2,355,32.3,17.00,-,6.1%,12.1%,15.2%,57.1%,39.6,26.3%,17,14,5
6,34pl8szyvrbwcmfkuocjm3r6t,Primera División,80zg2v1cuqcfhphn56u4qpyqc,2025/2026,Primera División 2025/2026 (Spain),Primera División (Spain),2sx9kf2syjyyqwaxz74i46n10,2026-03-14 20:00:00,3kq9cckrnlogidldtdie2fkbl,true,false,true,false,false,RMA,RMA,4yg9ttzw0m51048doksv8uq5r,ELC,ELC,954,W 4-1,19,162.00,16.1%,22.6%,17,24,4,53,54,1,293.00,45.6%,49.3%,55.4%,43,18,61,4,61,8.00,66,0,46.8%,6,5,0,80,162,131,153,60,293,5,2,3,0,1,32.7%,157,1.37,59.4%,29,23,0,2,290,35.6,21.00,-,10.0%,15.0%,15.0%,76.6%,27.1,32.7%,14,14,3
7,34pl8szyvrbwcmfkuocjm3r6t,Primera División,80zg2v1cuqcfhphn56u4qpyqc,2025/2026,Primera División 2025/2026 (Spain),Primera División (Spain),3wz71k4469ny273fw5c1yavx0,2026-05-23 19:00:00,3kq9cckrnlogidldtdie2fkbl,true,false,true,false,false,RMA,RMA,3czravw89omgc9o4s0w3l1bg5,ATH,ATH,174,W 4-2,12,112.00,51.6%,58.1%,14,21,3,51,88,1,142.00,61.9%,79.7%,68.0%,47,16,77,9,77,4.00,50,0,50.0%,5,1,0,38,83,59,68,36,142,7,3,3,1,0,26.7%,199,1.90,61.2%,14,18,0,1,482,37.0,17.00,-,14.8%,7.4%,14.8%,84.7%,35.6,26.7%,13,5,3
8,34pl8szyvrbwcmfkuocjm3r6t,Primera División,80zg2v1cuqcfhphn56u4qpyqc,2025/2026,Primera División 2025/2026 (Spain),Primera División (Spain),h6rpuztodqc4wokrpyck2zv8,2025-09-20 14:15:00,3kq9cckrnlogidldtdie2fkbl,true,false,true,false,false,RMA,RMA,c8llrezkm3b3op4afrou6b487,ESP,ESP,177,W 2-0,13,235.00,43.9%,51.2%,18,22,5,100,97,0,183.00,78.9%,65.8%,46.4%,27,36,88,6,88,10.00,113,0,46.6%,8,8,0,48,79,104,71,64,183,3,0,1,1,0,25.1%,189,1.19,69.8%,24,21,0,2,603,36.0,30.00,-,8.6%,2.9%,11.4%,81.2%,35.4,25.1%,16,9,3
8,34pl8szyvrbwcmfkuocjm3r6t,Primera División,80zg2v1cuqcfhphn56u4qpyqc,2025/2026,Primera División 2025/2026 (Spain),Primera División (Spain),27t0dyh53751craqajb3o62hg,2026-02-01 13:00:00,3kq9cckrnlogidldtdie2fkbl,true,false,true,false,false,RMA,RMA,3budh3j9xivsid3ptm8ptpy4k,RAY,RAY,184,W 2-1,16,257.00,29.0%,45.2%,17,28,7,63,113,0,251.00,64.5%,49.3%,44.2%,20,16,61,9,61,12.00,94,1,51.4%,12,3,0,72,116,135,93,86,251,5,2,1,1,0,26.8%,156,2.21,65.7%,25,43,2,1,496,37.9,29.00,-,28.6%,2.9%,11.4%,47.5%,33.2,26.8%,16,13,3
10,34pl8szyvrbwcmfkuocjm3r6t,Primera División,80zg2v1cuqcfhphn56u4qpyqc,2025/2026,Primera División 2025/2026 (Spain),Primera División (Spain),77rmbjidsouxav300f54behg,2025-08-30 19:30:00,3kq9cckrnlogidldtdie2fkbl,true,false,true,false,false,RMA,RMA,50x1m4u58lffhq6v6ga1hbxmy,MLL,MLL,181,W 2-1,14,301.00,31.4%,40.0%,17,19,4,87,92,0,222.00,71.9%,42.9%,34.7%,23,25,67,7,67,12.00,104,0,55.7%,4,11,0,49,95,127,91,82,222,6,2,2,0,0,31.4%,169,1.82,56.1%,28,37,3,1,461,34.3,18.00,-,13.6%,6.8%,11.4%,68.6%,25.1,31.4%,17,14,2
11,34pl8szyvrbwcmfkuocjm3r6t,Primera División,80zg2v1cuqcfhphn56u4qpyqc,2025/2026,Primera División 2025/2026 (Spain),Primera División (Spain),1gy4rm1nw9jppuagj17r91l3o,2025-12-07 20:00:00,3kq9cckrnlogidldtdie2fkbl,true,false,false,true,false,RMA,RMA,6f27yvbqcngegwsg2ozxxdj4,CEL,CEL,176,L 0-2,16,296.00,27.8%,30.6%,23,20,3,48,100,2,255.00,69.2%,45.1%,36.6%,35,20,92,7,92,17.00,125,0,50.6%,11,7,1,41,94,161,109,105,255,3,0,0,0,0,25.3%,148,2.46,64.5%,15,38,3,2,493,37.1,20.00,-,26.3%,13.2%,10.5%,33.4%,38.9,25.3%,23,27,4
12,34pl8szyvrbwcmfkuocjm3r6t,Primera División,80zg2v1cuqcfhphn56u4qpyqc,2025/2026,Primera División 2025/2026 (Spain),Primera División (Spain),34m6ahxmkq28k9h8al6i9gsno,2026-04-10 19:00:00,3kq9cckrnlogidldtdie2fkbl,true,false,false,false,true,RMA,RMA,7h7eg7q7dbwvzww78h9d5eh0h,GIR,GIR,2893,D 1-1,17,285.00,41.4%,48.3%,12,16,7,95,90,0,238.00,66.7%,55.2%,42.8%,33,27,80,13,80,19.00,93,1,63.2%,6,4,0,72,110,128,69,97,238,9,0,1,0,0,29.0%,174,2.30,71.4%,19,39,2,1,422,37.9,28.00,-,14.6%,7.3%,9.8%,45.0%,40.8,29.0%,22,21,2
13,34pl8szyvrbwcmfkuocjm3r6t,Primera División,80zg2v1cuqcfhphn56u4qpyqc,2025/2026,Primera División 2025/2026 (Spain),Primera División (Spain),1s8ry79zt6zhqqa2eoakvm904,2026-01-04 15:15:00,3kq9cckrnlogidldtdie2fkbl,true,false,true,false,false,RMA,RMA,ah8dala7suqqkj04n2l8xz4zd,BET,BET,185,W 5-1,24,225.00,25.9%,51.9%,14,19,5,71,72,0,218.00,60.3%,61.8%,51.6%,40,29,86,11,86,9.00,80,2,52.4%,5,2,0,77,124,94,85,56,218,7,4,5,0,0,27.6%,176,2.94,61.7%,22,28,2,3,388,36.0,31.00,-,29.0%,6.5%,9.7%,81.5%,39.2,27.6%,19,15,6
13,34pl8szyvrbwcmfkuocjm3r6t,Primera División,80zg2v1cuqcfhphn56u4qpyqc,2025/2026,Primera División 2025/2026 (Spain),Primera División (Spain),2r0l3iazgy14lquy2273uny1g,2026-03-06 20:00:00,3kq9cckrnlogidldtdie2fkbl,false,true,true,false,false,RMA,RMA,6f27yvbqcngegwsg2ozxxdj4,CEL,CEL,176,W 2-1,14,246.00,48.6%,60.0%,29,16,6,92,80,1,244.00,75.9%,48.8%,36.6%,45,36,119,9,119,9.00,150,1,55.6%,7,7,0,55,98,146,105,84,244,6,1,2,0,0,24.7%,200,0.86,60.0%,19,22,0,0,534,35.9,18.00,-,3.2%,6.5%,9.7%,30.4%,39.7,24.7%,14,18,0
15,34pl8szyvrbwcmfkuocjm3r6t,Primera División,80zg2v1cuqcfhphn56u4qpyqc,2025/2026,Primera División 2025/2026 (Spain),Primera División (Spain),f46gwc0un9j7qzyfl4fpo6n10,2025-08-19 19:00:00,3kq9cckrnlogidldtdie2fkbl,true,false,true,false,false,RMA,RMA,2l0ldgiwsgb8d6y3z0sfgjzyj,OSA,OSA,450,W 1-0,8,404.00,19.4%,29.0%,15,15,5,86,83,2,214.00,83.8%,48.6%,28.1%,15,17,64,6,64,15.00,167,0,53.3%,7,6,0,32,68,146,94,88,214,3,1,1,0,0,24.3%,175,1.64,53.2%,25,20,2,3,557,34.2,29.00,-,12.5%,3.1%,9.4%,76.2%,51.2,24.3%,18,19,1
16,34pl8szyvrbwcmfkuocjm3r6t,Primera División,80zg2v1cuqcfhphn56u4qpyqc,2025/2026,Primera División 2025/2026 (Spain),Primera División (Spain),20p4cff79mu4mto9rpw2sdj4k,2026-01-17 13:00:00,3kq9cckrnlogidldtdie2fkbl,true,false,true,false,false,RMA,RMA,4grc9qgcvusllap8h5j6gc5h5,LEV,LEV,855,W 2-0,14,245.00,28.6%,42.9%,29,14,3,105,106,1,198.00,81.2%,56.4%,36.3%,29,45,87,7,87,21.00,128,0,48.8%,6,8,0,39,68,130,75,84,198,7,2,2,0,0,28.0%,201,2.88,53.8%,21,31,1,2,487,36.9,23.00,-,14.3%,14.3%,8.6%,70.1%,35.1,28.0%,26,16,3
17,34pl8szyvrbwcmfkuocjm3r6t,Primera División,80zg2v1cuqcfhphn56u4qpyqc,2025/2026,Primera División 2025/2026 (Spain),Primera División (Spain),1288ajju0cadnuxxhvkal1mok,2025-11-01 20:00:00,3kq9cckrnlogidldtdie2fkbl,true,false,true,false,false,RMA,RMA,ba5e91hjacvma2sjvixn00pjo,VAL,VAL,191,W 4-0,10,359.00,38.6%,43.2%,23,20,8,119,84,1,249.00,78.2%,45.4%,29.1%,19,44,82,11,82,14.00,175,0,59.4%,11,6,0,57,91,158,92,100,249,2,3,2,2,0,24.3%,174,2.71,54.1%,27,33,0,1,377,38.2,26.00,-,26.0%,12.0%,8.0%,87.3%,36.3,24.3%,21,16,4
18,34pl8szyvrbwcmfkuocjm3r6t,Primera División,80zg2v1cuqcfhphn56u4qpyqc,2025/2026,Primera División 2025/2026 (Spain),Primera División (Spain),18ojlro5jtdeu8nv72repur6c,2025-11-23 20:00:00,3kq9cckrnlogidldtdie2fkbl,false,true,false,false,true,RMA,RMA,4yg9ttzw0m51048doksv8uq5r,ELC,ELC,954,D 2-2,27,253.00,30.3%,42.4%,14,23,4,57,75,2,302.00,56.8%,43.6%,39.6%,23,16,55,8,55,18.00,119,0,54.0%,4,8,0,114,159,143,104,84,302,8,2,2,0,0,29.0%,142,3.49,58.3%,24,31,6,4,332,33.7,28.00,-,10.5%,13.2%,7.9%,19.7%,24.4,29.0%,20,29,6
19,34pl8szyvrbwcmfkuocjm3r6t,Primera División,80zg2v1cuqcfhphn56u4qpyqc,2025/2026,Primera División 2025/2026 (Spain),Primera División (Spain),1nc8632r4hii9bl1ygnappkpg,2025-12-20 20:00:00,3kq9cckrnlogidldtdie2fkbl,true,false,true,false,false,RMA,RMA,10eyb18v5puw4ez03ocaug09m,SEV,SEV,179,W 2-0,25,167.00,16.7%,16.7%,15,16,4,52,83,1,219.00,63.2%,45.0%,46.2%,15,14,47,5,47,16.00,60,0,42.5%,5,6,0,48,86,133,84,87,219,6,2,2,0,0,26.0%,129,2.33,64.6%,22,36,1,1,385,35.3,27.00,-,15.4%,11.5%,7.7%,71.0%,44.3,26.0%,18,10,6
20,34pl8szyvrbwcmfkuocjm3r6t,Primera División,80zg2v1cuqcfhphn56u4qpyqc,2025/2026,Primera División 2025/2026 (Spain),Primera División (Spain),242xbwdul3xv3pwz602l6btw4,2026-01-24 20:00:00,3kq9cckrnlogidldtdie2fkbl,false,true,true,false,false,RMA,RMA,74mcjsm72vr3l9pw2i4qfjchj,VIL,VIL,449,W 2-0,20,243.00,35.9%,43.6%,25,24,4,66,77,2,216.00,65.4%,51.6%,47.4%,27,21,65,6,65,9.00,88,1,47.8%,6,6,0,55,97,119,79,82,216,7,2,2,0,0,31.2%,172,1.63,59.6%,26,24,4,2,335,37.7,39.00,-,16.7%,13.3%,6.7%,57.1%,32.3,31.2%,14,15,1
20,34pl8szyvrbwcmfkuocjm3r6t,Primera División,80zg2v1cuqcfhphn56u4qpyqc,2025/2026,Primera División 2025/2026 (Spain),Primera División (Spain),3kigmlbqhunbi6gixcr7cz6z8,2026-05-10 19:00:00,3kq9cckrnlogidldtdie2fkbl,false,true,false,true,false,RMA,RMA,agh9ifb2mw3ivjusgedj7c3fe,BAR,BAR,178,L 0-2,21,84.00,16.7%,27.8%,16,14,0,26,39,0,236.00,36.2%,47.4%,67.2%,44,14,55,7,55,8.00,28,0,44.6%,4,1,0,50,112,124,120,66,236,8,0,0,0,0,26.4%,104,0.85,68.4%,12,16,1,1,256,35.3,17.00,-,13.3%,13.3%,6.7%,5.1%,34.6,26.4%,8,15,1
22,34pl8szyvrbwcmfkuocjm3r6t,Primera División,80zg2v1cuqcfhphn56u4qpyqc,2025/2026,Primera División 2025/2026 (Spain),Primera División (Spain),2i1fz7uysfcivnrqrbpsybfo4,2026-02-21 17:30:00,3kq9cckrnlogidldtdie2fkbl,false,true,false,true,false,RMA,RMA,2l0ldgiwsgb8d6y3z0sfgjzyj,OSA,OSA,450,L 1-2,20,216.00,29.6%,37.0%,17,21,4,77,91,1,242.00,60.4%,62.0%,49.0%,25,23,56,5,56,10.00,81,1,63.2%,5,5,0,84,134,108,90,68,242,4,1,1,0,0,27.0%,154,1.70,54.9%,26,23,0,4,370,36.0,8.00,-,21.2%,6.1%,6.1%,21.2%,35.9,27.0%,15,21,3
23,34pl8szyvrbwcmfkuocjm3r6t,Primera División,80zg2v1cuqcfhphn56u4qpyqc,2025/2026,Primera División 2025/2026 (Spain),Primera División (Spain),2bl3hdm49yj3nhnvngy8p6qs4,2026-02-08 20:00:00,3kq9cckrnlogidldtdie2fkbl,false,true,true,false,false,RMA,RMA,ba5e91hjacvma2sjvixn00pjo,VAL,VAL,191,W 2-0,21,212.00,41.4%,48.3%,18,16,4,69,57,2,200.00,66.0%,50.9%,40.6%,21,25,57,7,57,7.00,116,1,40.8%,4,8,0,49,98,102,96,55,200,7,2,2,0,0,28.1%,157,0.96,65.5%,39,17,2,0,370,34.9,15.00,-,19.4%,8.3%,5.6%,52.4%,29.5,28.1%,11,16,2
24,34pl8szyvrbwcmfkuocjm3r6t,Primera División,80zg2v1cuqcfhphn56u4qpyqc,2025/2026,Primera División 2025/2026 (Spain),Primera División (Spain),38r38grppqfwcb99s9ikyv6s4,2026-04-24 19:00:00,3kq9cckrnlogidldtdie2fkbl,false,true,false,false,true,RMA,RMA,ah8dala7suqqkj04n2l8xz4zd,BET,BET,185,D 1-1,28,187.00,19.4%,35.5%,17,21,1,76,68,1,315.00,48.2%,48.5%,48.8%,34,17,58,7,58,9.00,71,1,48.8%,6,2,0,102,165,150,133,80,315,13,1,1,0,0,31.7%,170,1.19,63.0%,15,24,1,2,331,33.5,23.00,-,18.9%,24.3%,5.4%,64.4%,31.7,31.7%,12,12,2
25,34pl8szyvrbwcmfkuocjm3r6t,Primera División,80zg2v1cuqcfhphn56u4qpyqc,2025/2026,Primera División 2025/2026 (Spain),Primera División (Spain),3e4k0muk9qdqz748em5e5dtzo,2026-04-21 19:30:00,3kq9cckrnlogidldtdie2fkbl,true,false,true,false,false,RMA,RMA,4dtdjgnpdq9uw4sdutti0vaar,ALA,ALA,173,W 2-1,32,246.00,37.8%,43.2%,25,22,3,92,89,1,256.00,62.9%,56.6%,44.7%,40,34,90,12,90,16.00,113,0,54.1%,8,4,1,92,142,114,99,65,256,7,0,0,2,0,30.9%,195,1.62,68.8%,32,29,0,1,400,38.3,31.00,-,14.3%,7.1%,4.8%,80.8%,33.3,30.9%,24,14,0
26,34pl8szyvrbwcmfkuocjm3r6t,Primera División,80zg2v1cuqcfhphn56u4qpyqc,2025/2026,Primera División 2025/2026 (Spain),Primera División (Spain),2gtyyqnsw87ojqc60b9b50dn8,2026-02-14 20:00:00,3kq9cckrnlogidldtdie2fkbl,true,false,true,false,false,RMA,RMA,63f5h8t5e9qm1fqmvfkb23ghh,RSO,RSO,188,W 4-1,20,184.00,8.3%,16.7%,9,19,3,38,66,1,259.00,54.3%,49.0%,50.4%,46,22,74,9,74,7.00,87,1,42.9%,4,5,0,66,134,125,127,66,259,10,4,4,0,0,26.2%,153,3.12,54.8%,21,22,0,1,471,35.6,15.00,-,8.7%,13.0%,4.3%,87.5%,38.4,26.2%,11,9,5
27,34pl8szyvrbwcmfkuocjm3r6t,Primera División,80zg2v1cuqcfhphn56u4qpyqc,2025/2026,Primera División 2025/2026 (Spain),Primera División (Spain),1m7vig0k2tt5q9apse7108pas,2025-12-14 20:00:00,3kq9cckrnlogidldtdie2fkbl,false,true,true,false,false,RMA,RMA,4dtdjgnpdq9uw4sdutti0vaar,ALA,ALA,173,W 2-1,18,146.00,15.2%,27.3%,26,8,4,45,69,0,294.00,54.2%,42.5%,50.8%,28,21,50,4,50,7.00,40,0,54.8%,7,3,0,74,128,166,149,71,294,7,2,2,0,0,27.9%,129,1.83,64.6%,35,17,1,0,302,37.1,26.00,-,20.8%,16.7%,4.2%,58.2%,21.9,27.9%,13,7,2
28,34pl8szyvrbwcmfkuocjm3r6t,Primera División,80zg2v1cuqcfhphn56u4qpyqc,2025/2026,Primera División 2025/2026 (Spain),Primera División (Spain),3ql6gx72pau1cocng395b63h0,2026-05-14 19:30:00,3kq9cckrnlogidldtdie2fkbl,true,false,true,false,false,RMA,RMA,clo928vcczjp0mczavs5o7p5k,OVI,OVI,187,W 2-0,12,221.00,31.6%,36.8%,19,11,5,83,67,2,190.00,76.7%,53.1%,41.6%,21,27,60,2,60,14.00,112,1,55.0%,3,7,0,44,75,115,81,65,190,5,2,2,0,0,26.0%,160,1.36,47.5%,17,20,2,0,432,36.5,21.00,-,24.1%,6.9%,3.4%,68.4%,42.4,26.0%,19,12,2
29,34pl8szyvrbwcmfkuocjm3r6t,Primera División,80zg2v1cuqcfhphn56u4qpyqc,2025/2026,Primera División 2025/2026 (Spain),Primera División (Spain),jfjnqx2yal5t4pcccve1zg9g,2025-09-23 19:30:00,3kq9cckrnlogidldtdie2fkbl,false,true,true,false,false,RMA,RMA,4grc9qgcvusllap8h5j6gc5h5,LEV,LEV,855,W 4-1,17,212.00,36.7%,56.7%,18,29,7,105,99,1,221.00,70.9%,54.4%,45.4%,38,34,86,5,86,16.00,104,1,54.2%,6,6,1,52,98,123,106,63,221,3,4,3,0,1,27.2%,189,3.94,69.2%,29,35,1,0,463,36.8,26.00,-,19.4%,19.4%,3.2%,69.6%,36.7,27.2%,24,11,6
30,34pl8szyvrbwcmfkuocjm3r6t,Primera División,80zg2v1cuqcfhphn56u4qpyqc,2025/2026,Primera División 2025/2026 (Spain),Primera División (Spain),1c2s2pxxqc6pp652crmn64etw,2025-11-30 20:00:00,3kq9cckrnlogidldtdie2fkbl,false,true,false,false,true,RMA,RMA,7h7eg7q7dbwvzww78h9d5eh0h,GIR,GIR,2893,D 1-1,15,345.00,44.2%,60.5%,15,19,18,78,59,1,260.00,72.6%,43.3%,32.7%,24,24,70,7,70,18.00,161,0,51.0%,6,8,0,52,109,151,104,104,260,7,1,1,0,0,24.9%,152,2.53,58.6%,24,22,2,1,523,36.6,15.00,-,11.8%,23.5%,2.9%,22.9%,27.7,24.9%,25,26,2
31,34pl8szyvrbwcmfkuocjm3r6t,Primera División,80zg2v1cuqcfhphn56u4qpyqc,2025/2026,Primera División 2025/2026 (Spain),Primera División (Spain),2m4sef2l4im49rda90k3p41lg,2026-03-02 20:00:00,3kq9cckrnlogidldtdie2fkbl,true,false,false,true,false,RMA,RMA,1n1j0wsl763lq7ee1k0c11c02,GET,GET,1450,L 0-1,13,243.00,36.7%,40.0%,19,21,2,98,106,1,182.00,80.0%,71.8%,42.1%,19,29,74,6,74,14.00,106,0,56.5%,5,2,0,48,85,97,76,58,182,7,0,0,0,0,26.2%,177,1.91,61.5%,36,42,2,2,431,36.6,33.00,-,27.0%,5.4%,2.7%,38.8%,40.1,26.2%,18,33,5
31,34pl8szyvrbwcmfkuocjm3r6t,Primera División,80zg2v1cuqcfhphn56u4qpyqc,2025/2026,Primera División 2025/2026 (Spain),Primera División (Spain),334grr0hqs8zr92mx518hdjpw,2026-04-04 14:15:00,3kq9cckrnlogidldtdie2fkbl,false,true,false,true,false,RMA,RMA,50x1m4u58lffhq6v6ga1hbxmy,MLL,MLL,181,L 1-2,12,229.00,37.0%,44.4%,18,15,2,84,59,0,198.00,66.6%,61.4%,51.3%,29,21,55,4,55,13.00,66,0,51.5%,6,2,0,50,100,98,89,59,198,2,1,1,0,0,32.0%,182,1.28,71.9%,31,28,1,0,372,37.3,14.00,-,18.9%,2.7%,2.7%,20.6%,29.9,32.0%,15,15,2
33,34pl8szyvrbwcmfkuocjm3r6t,Primera División,80zg2v1cuqcfhphn56u4qpyqc,2025/2026,Primera División 2025/2026 (Spain),Primera División (Spain),qll7e8qbbmjfzxvwpi96cg0k,2025-10-04 19:00:00,3kq9cckrnlogidldtdie2fkbl,true,false,true,false,false,RMA,RMA,74mcjsm72vr3l9pw2i4qfjchj,VIL,VIL,449,W 3-1,11,337.00,27.8%,36.1%,19,22,9,94,96,1,198.00,78.0%,57.3%,35.4%,20,27,79,6,79,17.00,128,1,50.0%,7,4,1,50,89,109,77,71,198,5,3,2,1,0,26.7%,190,3.52,68.2%,34,35,1,3,582,35.5,36.00,-,23.9%,6.5%,2.2%,75.7%,32.8,26.7%,26,16,7
34,34pl8szyvrbwcmfkuocjm3r6t,Primera División,80zg2v1cuqcfhphn56u4qpyqc,2025/2026,Primera División 2025/2026 (Spain),Primera División (Spain),ahwl5kztusj3oxv74lxw8pas,2025-09-13 14:15:00,3kq9cckrnlogidldtdie2fkbl,false,true,true,false,false,RMA,RMA,63f5h8t5e9qm1fqmvfkb23ghh,RSO,RSO,188,W 2-1,37,129.00,40.0%,44.0%,14,14,3,29,41,1,282.00,29.2%,46.5%,55.4%,23,8,34,6,34,12.00,27,1,52.3%,4,3,0,126,199,83,107,49,282,15,1,2,0,0,36.6%,115,2.42,64.3%,26,9,1,0,199,35.2,23.00,-,43.8%,12.5%,0.0%,58.6%,19.8,36.6%,16,8,3
34,34pl8szyvrbwcmfkuocjm3r6t,Primera División,80zg2v1cuqcfhphn56u4qpyqc,2025/2026,Primera División 2025/2026 (Spain),Primera División (Spain),m3rr5kwhsu6s770ey69xad5g,2025-09-27 14:15:00,3kq9cckrnlogidldtdie2fkbl,false,true,false,true,false,RMA,RMA,4ku8o6uf87yd8iecdalipo6wd,ATM,ATM,175,L 2-5,21,165.00,34.6%,53.8%,16,15,1,52,50,1,196.00,67.9%,55.8%,43.2%,17,19,53,4,53,3.00,67,1,49.6%,4,3,0,59,104,92,85,52,196,8,2,1,0,1,27.5%,148,0.66,59.6%,28,17,9,3,331,39.4,24.00,-,22.6%,3.2%,0.0%,17.8%,32.8,27.5%,6,18,2
34,34pl8szyvrbwcmfkuocjm3r6t,Primera División,80zg2v1cuqcfhphn56u4qpyqc,2025/2026,Primera División 2025/2026 (Spain),Primera División (Spain),uoe12e3coa1i9fov19pdukus,2025-10-19 19:00:00,3kq9cckrnlogidldtdie2fkbl,false,true,true,false,false,RMA,RMA,1n1j0wsl763lq7ee1k0c11c02,GET,GET,1450,W 1-0,5,234.00,51.4%,73.0%,18,19,3,70,79,1,149.00,82.2%,69.0%,44.6%,31,28,67,6,67,17.00,110,0,45.9%,5,5,0,28,57,92,59,62,149,7,1,1,0,0,26.9%,171,2.30,64.8%,46,21,3,2,345,37.1,26.00,-,18.4%,7.9%,0.0%,52.7%,38.1,26.9%,23,10,3
34,34pl8szyvrbwcmfkuocjm3r6t,Primera División,80zg2v1cuqcfhphn56u4qpyqc,2025/2026,Primera División 2025/2026 (Spain),Primera División (Spain),1ximrnsi0rfciohtjk242p1jo,2025-12-03 18:00:00,3kq9cckrnlogidldtdie2fkbl,false,true,true,false,false,RMA,RMA,3czravw89omgc9o4s0w3l1bg5,ATH,ATH,174,W 3-0,21,145.00,30.0%,46.7%,20,25,2,64,74,1,246.00,50.3%,70.4%,63.8%,50,23,82,8,82,6.00,53,1,52.3%,8,4,1,91,153,93,105,50,246,10,1,2,1,0,28.9%,185,2.21,69.2%,38,16,2,0,422,37.2,29.00,-,15.8%,10.5%,0.0%,77.8%,30.5,28.9%,13,11,6
34,34pl8szyvrbwcmfkuocjm3r6t,Primera División,80zg2v1cuqcfhphn56u4qpyqc,2025/2026,Primera División 2025/2026 (Spain),Primera División (Spain),3hj39lcguw2pwxyqlq86jqntg,2026-05-03 19:00:00,3kq9cckrnlogidldtdie2fkbl,false,true,true,false,false,RMA,RMA,c8llrezkm3b3op4afrou6b487,ESP,ESP,177,W 2-0,21,161.00,18.2%,30.3%,15,18,3,85,65,0,186.00,64.2%,67.9%,57.2%,40,24,68,5,68,9.00,60,0,47.1%,5,5,0,65,93,93,73,48,186,12,2,2,0,0,30.9%,196,2.10,52.1%,23,26,4,2,366,36.8,18.00,-,3.2%,25.8%,0.0%,59.9%,40.8,30.9%,16,20,2
