Rank,leagueId,leagueName,seasonId,seasonName,seasonNameLong,leagueNameLong,gameId,Date,teamId,Home,Away,Win,Loss,Draw,Team,abbrevName,opponentId,opponentToken,opponent,opponentTeamImageId,Result,TouchOpBox,Toques Tercio Rival P90,Recuperaciones entre 5 segundos %,Recuperaciones entre 10 segundos %,RcvryM3,RcvryD3,RcvryA3,ProgPass,ProgCarry,Poss% Campo Rival,Poss% Campo Defensivo,Poss% Campo Def (Equipo),LBPOwnHalf,LBPIntoA3,LBP Mid Line,LBP Def Line,LBP,KeyPassPer90,juego interior,HighTOEndGoal,HighPrsrPerOppTchD3,HighPrsrBWOppHfLft,HighPrsrBWOppHfRght,HighPrsrBWToShot10s,HighPrsrAppD3,HighPrsrAppOwnHalf,HighPrsrAppOppHalf,HighPrsrAppM3,HighPrsrAppA3,HighPrsrApp,GoalKick,GolCarrilCentral,GolBanIZQ,GolBanDER,FwdPass%,FwdPass,ExpG,Duelos ganados ctl,Duelos Def,ConduccProg,centros 3_4 izq,centros 3_4 der,CarryPass,AvgPossWidth,1v1/90,%TeamPropHighPrsr,% Attack through Left Flank,% Attack through Middle,% Attack through Right Flank,AvgWP,AvgPossTime,%PassFwd,ShtIncBl,Crosses,BgChnc
1,34pl8szyvrbwcmfkuocjm3r6t,Primera División,80zg2v1cuqcfhphn56u4qpyqc,2025/2026,Primera División 2025/2026 (Spain),Primera División (Spain),3vhe91racce86uhq0b3mw29sk,2026-05-23 19:00:00,10eyb18v5puw4ez03ocaug09m,false,true,false,true,false,SEV,SEV,6f27yvbqcngegwsg2ozxxdj4,CEL,CEL,176,L 0-1,22,161.00,24.2%,36.4%,24,15,5,45,62,47.3%,44.5%,53.3%,52,14,93,10,93,7.00,46,0,46.5%,10,4,0,60,120,120,115,65,240,8,0,0,0,30.3%,132,0.82,50.0%,23,19,2,2,340,35.0,17.00,-,42.9%,0.0%,17.9%,14.4%,21.4,30.3%,9,15,1
2,34pl8szyvrbwcmfkuocjm3r6t,Primera División,80zg2v1cuqcfhphn56u4qpyqc,2025/2026,Primera División 2025/2026 (Spain),Primera División (Spain),3ubq4xhedh6kqvsb2d7cvw650,2026-05-17 17:00:00,10eyb18v5puw4ez03ocaug09m,true,false,false,true,false,SEV,SEV,3kq9cckrnlogidldtdie2fkbl,RMA,RMA,186,L 0-1,29,173.00,34.3%,40.0%,15,23,11,43,63,53.2%,33.6%,47.9%,24,18,46,4,46,14.00,43,0,56.1%,9,3,0,69,113,132,100,76,245,7,0,0,0,35.9%,129,0.72,74.1%,30,21,2,2,286,33.1,17.00,-,25.8%,6.5%,29.0%,12.9%,17.0,35.9%,14,17,0
3,34pl8szyvrbwcmfkuocjm3r6t,Primera División,80zg2v1cuqcfhphn56u4qpyqc,2025/2026,Primera División 2025/2026 (Spain),Primera División (Spain),3q7xe5wdnb9goknf23kydt8no,2026-05-13 17:00:00,10eyb18v5puw4ez03ocaug09m,false,true,true,false,false,SEV,SEV,74mcjsm72vr3l9pw2i4qfjchj,VIL,VIL,449,W 3-2,23,125.00,13.6%,18.2%,12,14,3,33,63,34.8%,40.3%,57.5%,19,9,37,3,37,8.00,24,3,47.1%,4,2,0,90,144,109,100,63,253,7,2,1,0,34.0%,111,0.87,67.9%,26,20,2,2,236,33.8,25.00,-,18.2%,4.5%,27.3%,26.1%,27.2,34.0%,13,15,1
4,34pl8szyvrbwcmfkuocjm3r6t,Primera División,80zg2v1cuqcfhphn56u4qpyqc,2025/2026,Primera División 2025/2026 (Spain),Primera División (Spain),3mfg133s0kwtlbnaes34dxhxw,2026-05-09 14:15:00,10eyb18v5puw4ez03ocaug09m,true,false,true,false,false,SEV,SEV,c8llrezkm3b3op4afrou6b487,ESP,ESP,177,W 2-1,13,159.00,40.0%,45.0%,24,15,3,35,61,65.5%,62.7%,53.9%,29,12,47,5,47,14.00,24,0,51.1%,10,5,0,45,103,110,96,72,213,6,1,0,1,36.2%,155,1.38,59.7%,37,22,4,4,276,36.3,15.00,-,29.2%,12.5%,12.5%,42.1%,24.5,36.2%,21,22,1
5,34pl8szyvrbwcmfkuocjm3r6t,Primera División,80zg2v1cuqcfhphn56u4qpyqc,2025/2026,Primera División 2025/2026 (Spain),Primera División (Spain),3fzj97pollbznset694q593bo,2026-05-04 19:00:00,10eyb18v5puw4ez03ocaug09m,true,false,true,false,false,SEV,SEV,63f5h8t5e9qm1fqmvfkb23ghh,RSO,RSO,188,W 1-0,13,138.00,30.8%,34.6%,24,14,5,35,47,44.0%,39.7%,55.9%,27,12,41,3,41,13.00,39,0,47.2%,5,1,0,58,132,144,156,62,276,4,1,0,0,39.2%,135,1.82,58.2%,38,17,0,4,252,36.5,14.00,-,42.9%,0.0%,28.6%,62.6%,22.6,39.2%,19,17,1
6,34pl8szyvrbwcmfkuocjm3r6t,Primera División,80zg2v1cuqcfhphn56u4qpyqc,2025/2026,Primera División 2025/2026 (Spain),Primera División (Spain),39ifvpi5wnexvu36qh4irjbx0,2026-04-26 16:30:00,10eyb18v5puw4ez03ocaug09m,false,true,false,true,false,SEV,SEV,2l0ldgiwsgb8d6y3z0sfgjzyj,OSA,OSA,450,L 1-2,24,112.00,27.6%,31.0%,19,18,2,28,33,40.8%,38.3%,55.3%,22,10,40,2,40,5.00,34,0,55.2%,5,6,0,101,167,144,123,87,311,10,1,0,0,43.9%,136,0.40,50.0%,37,12,5,3,191,34.1,15.00,-,35.3%,5.9%,35.3%,24.4%,21.4,43.9%,8,19,1
7,34pl8szyvrbwcmfkuocjm3r6t,Primera División,80zg2v1cuqcfhphn56u4qpyqc,2025/2026,Primera División 2025/2026 (Spain),Primera División (Spain),3d093m8yc27r7p3gumt3gg4d0,2026-04-23 17:00:00,10eyb18v5puw4ez03ocaug09m,false,true,false,true,false,SEV,SEV,4grc9qgcvusllap8h5j6gc5h5,LEV,LEV,855,L 0-2,13,106.00,25.0%,34.4%,20,19,2,35,45,54.7%,58.7%,63.7%,27,10,44,4,44,3.00,27,0,47.1%,3,7,0,48,98,110,92,67,207,3,0,0,0,38.5%,161,0.28,55.4%,25,13,2,4,248,33.8,16.00,-,20.8%,0.0%,12.5%,10.9%,25.5,38.5%,7,23,0
8,34pl8szyvrbwcmfkuocjm3r6t,Primera División,80zg2v1cuqcfhphn56u4qpyqc,2025/2026,Primera División 2025/2026 (Spain),Primera División (Spain),3799288svdt7jtyvzloemtt04,2026-04-11 19:00:00,10eyb18v5puw4ez03ocaug09m,true,false,true,false,false,SEV,SEV,4ku8o6uf87yd8iecdalipo6wd,ATM,ATM,175,W 2-1,25,129.00,25.8%,32.3%,14,20,2,29,29,32.6%,32.2%,53.1%,21,12,37,7,37,8.00,33,0,56.4%,6,1,0,97,159,111,109,64,270,8,2,0,0,47.4%,120,2.01,70.2%,28,12,0,5,145,29.7,22.00,-,11.8%,17.6%,47.1%,61.3%,24.7,47.4%,11,20,3
9,34pl8szyvrbwcmfkuocjm3r6t,Primera División,80zg2v1cuqcfhphn56u4qpyqc,2025/2026,Primera División 2025/2026 (Spain),Primera División (Spain),33hvcbq5xmb0wo3x4r5p3w1ec,2026-04-05 16:30:00,10eyb18v5puw4ez03ocaug09m,false,true,false,true,false,SEV,SEV,clo928vcczjp0mczavs5o7p5k,OVI,OVI,187,L 0-1,12,108.00,29.0%,35.5%,15,16,2,20,22,35.1%,29.6%,48.2%,19,15,41,8,41,7.00,20,0,48.6%,14,9,0,71,131,148,135,73,279,7,0,0,0,51.2%,107,0.57,65.0%,17,4,1,1,102,37.5,12.00,-,27.8%,11.1%,33.3%,8.6%,23.5,51.2%,9,19,1
10,34pl8szyvrbwcmfkuocjm3r6t,Primera División,80zg2v1cuqcfhphn56u4qpyqc,2025/2026,Primera División 2025/2026 (Spain),Primera División (Spain),2zpoy8pxorsqwffemhjkcff2s,2026-03-21 20:00:00,10eyb18v5puw4ez03ocaug09m,true,false,false,true,false,SEV,SEV,ba5e91hjacvma2sjvixn00pjo,VAL,VAL,191,L 0-2,14,202.00,25.6%,37.2%,33,14,6,45,60,72.2%,47.7%,46.0%,18,19,48,7,48,9.00,53,0,54.5%,5,7,0,36,82,165,105,106,247,4,0,0,0,28.1%,139,0.40,63.3%,33,26,4,4,379,34.8,13.00,-,13.8%,0.0%,17.2%,17.4%,21.4,28.1%,13,18,0
11,34pl8szyvrbwcmfkuocjm3r6t,Primera División,80zg2v1cuqcfhphn56u4qpyqc,2025/2026,Primera División 2025/2026 (Spain),Primera División (Spain),2v65xqf9xnj8r2gxj9akbtqfo,2026-03-15 15:15:00,10eyb18v5puw4ez03ocaug09m,false,true,false,true,false,SEV,SEV,agh9ifb2mw3ivjusgedj7c3fe,BAR,BAR,178,L 2-5,26,94.00,22.7%,36.4%,16,17,2,32,33,33.1%,42.4%,67.4%,32,9,42,7,42,4.00,23,0,47.6%,10,7,0,60,156,164,208,52,320,9,2,0,0,34.2%,130,0.83,48.2%,22,11,1,0,240,37.3,13.00,-,27.8%,11.1%,16.7%,3.4%,20.1,34.2%,8,10,2
12,34pl8szyvrbwcmfkuocjm3r6t,Primera División,80zg2v1cuqcfhphn56u4qpyqc,2025/2026,Primera División 2025/2026 (Spain),Primera División (Spain),2pwdpb63byqohajaokb5793pw,2026-03-08 18:30:00,10eyb18v5puw4ez03ocaug09m,true,false,false,false,true,SEV,SEV,3budh3j9xivsid3ptm8ptpy4k,RAY,RAY,184,D 1-1,10,132.00,24.2%,27.3%,12,19,3,25,45,46.3%,39.2%,56.5%,22,16,36,2,36,4.00,28,0,57.3%,6,5,1,55,118,119,111,71,237,5,1,0,0,41.3%,117,1.00,67.2%,29,13,2,2,193,32.5,29.00,-,25.0%,15.0%,20.0%,40.8%,25.1,41.3%,11,12,1
13,34pl8szyvrbwcmfkuocjm3r6t,Primera División,80zg2v1cuqcfhphn56u4qpyqc,2025/2026,Primera División 2025/2026 (Spain),Primera División (Spain),2napzcxsfy1ju0ixutyi6z8yc,2026-03-01 17:30:00,10eyb18v5puw4ez03ocaug09m,false,true,false,false,true,SEV,SEV,ah8dala7suqqkj04n2l8xz4zd,BET,BET,185,D 2-2,13,146.00,38.2%,44.1%,24,23,3,60,61,62.1%,51.7%,56.2%,37,16,58,3,58,11.00,49,0,66.3%,7,5,0,61,107,114,103,57,221,4,2,0,0,29.7%,157,0.87,56.7%,24,19,3,3,388,37.3,20.00,-,20.0%,10.0%,13.3%,7.1%,28.4,29.7%,14,11,1
14,34pl8szyvrbwcmfkuocjm3r6t,Primera División,80zg2v1cuqcfhphn56u4qpyqc,2025/2026,Primera División 2025/2026 (Spain),Primera División (Spain),2hktnqo0d8lx8h65s2ac67ac4,2026-02-22 13:00:00,10eyb18v5puw4ez03ocaug09m,false,true,true,false,false,SEV,SEV,1n1j0wsl763lq7ee1k0c11c02,GET,GET,1450,W 1-0,9,109.00,46.3%,48.8%,19,23,1,61,57,66.8%,68.7%,58.8%,29,14,51,4,51,4.00,44,0,49.4%,9,7,0,41,83,86,82,46,169,6,1,0,0,32.6%,174,0.32,56.6%,36,22,2,1,284,31.3,15.00,-,19.0%,9.5%,4.8%,59.6%,28.8,32.6%,6,10,0
15,34pl8szyvrbwcmfkuocjm3r6t,Primera División,80zg2v1cuqcfhphn56u4qpyqc,2025/2026,Primera División 2025/2026 (Spain),Primera División (Spain),2h7d8ukaxlbxzfalz2jej5us4,2026-02-14 17:30:00,10eyb18v5puw4ez03ocaug09m,true,false,false,false,true,SEV,SEV,4dtdjgnpdq9uw4sdutti0vaar,ALA,ALA,173,D 1-1,32,79.00,25.0%,28.6%,7,15,3,15,18,17.3%,38.2%,63.3%,18,7,26,3,26,3.00,21,0,49.1%,12,5,0,106,182,108,126,58,290,12,1,0,0,44.7%,88,0.27,50.0%,24,7,1,3,112,37.4,8.00,-,33.3%,0.0%,25.0%,20.3%,16.7,44.7%,4,7,0
16,34pl8szyvrbwcmfkuocjm3r6t,Primera División,80zg2v1cuqcfhphn56u4qpyqc,2025/2026,Primera División 2025/2026 (Spain),Primera División (Spain),2b7m8c3nipodfdjjb4e6akqok,2026-02-08 15:15:00,10eyb18v5puw4ez03ocaug09m,true,false,false,false,true,SEV,SEV,7h7eg7q7dbwvzww78h9d5eh0h,GIR,GIR,2893,D 1-1,21,185.00,26.5%,29.4%,18,16,5,46,63,60.3%,43.8%,48.2%,22,9,49,8,49,7.00,53,1,55.2%,6,4,0,80,126,142,97,91,268,9,1,0,0,28.9%,125,0.83,61.8%,31,22,3,1,347,37.4,20.00,-,29.6%,7.4%,11.1%,9.1%,26.5,28.9%,11,26,1
17,34pl8szyvrbwcmfkuocjm3r6t,Primera División,80zg2v1cuqcfhphn56u4qpyqc,2025/2026,Primera División 2025/2026 (Spain),Primera División (Spain),28z661pl07w40fr1in36f97o4,2026-02-02 20:00:00,10eyb18v5puw4ez03ocaug09m,false,true,false,true,false,SEV,SEV,50x1m4u58lffhq6v6ga1hbxmy,MLL,MLL,181,L 1-4,21,211.00,45.5%,69.7%,21,14,5,58,61,68.5%,64.3%,51.8%,26,15,59,7,59,9.00,70,1,52.7%,8,9,0,59,104,143,92,96,247,4,0,0,1,27.4%,153,1.13,59.0%,28,26,2,3,386,33.9,17.00,-,20.0%,0.0%,30.0%,14.1%,29.0,27.4%,15,21,2
18,34pl8szyvrbwcmfkuocjm3r6t,Primera División,80zg2v1cuqcfhphn56u4qpyqc,2025/2026,Primera División 2025/2026 (Spain),Primera División (Spain),25kz3clipo3v4d1gp3m23n5ec,2026-01-24 17:30:00,10eyb18v5puw4ez03ocaug09m,true,false,true,false,false,SEV,SEV,3czravw89omgc9o4s0w3l1bg5,ATH,ATH,174,W 2-1,37,97.00,31.6%,36.8%,25,19,3,31,56,32.5%,60.4%,69.8%,34,16,45,7,45,8.00,16,0,52.2%,9,5,0,97,164,123,130,60,287,9,2,0,0,36.8%,137,2.07,54.3%,49,17,2,1,258,33.1,15.00,-,12.5%,8.3%,25.0%,61.9%,19.4,36.8%,10,12,2
19,34pl8szyvrbwcmfkuocjm3r6t,Primera División,80zg2v1cuqcfhphn56u4qpyqc,2025/2026,Primera División 2025/2026 (Spain),Primera División (Spain),21t9p2uvl57vfs1xsytfooxzo,2026-01-19 20:00:00,10eyb18v5puw4ez03ocaug09m,false,true,false,false,true,SEV,SEV,4yg9ttzw0m51048doksv8uq5r,ELC,ELC,954,D 2-2,24,178.00,31.0%,37.9%,26,17,6,48,40,51.0%,49.9%,55.2%,29,11,55,4,55,16.00,50,1,55.4%,4,6,0,77,139,123,114,71,262,7,2,0,0,39.3%,129,3.00,48.2%,48,15,2,3,240,33.5,28.00,-,35.7%,7.1%,25.0%,9.8%,21.1,39.3%,25,25,4
20,34pl8szyvrbwcmfkuocjm3r6t,Primera División,80zg2v1cuqcfhphn56u4qpyqc,2025/2026,Primera División 2025/2026 (Spain),Primera División (Spain),1w0ngrj3bf0ruv81ra4w2muj8,2026-01-12 20:00:00,10eyb18v5puw4ez03ocaug09m,true,false,false,true,false,SEV,SEV,6f27yvbqcngegwsg2ozxxdj4,CEL,CEL,176,L 0-1,12,167.00,27.8%,36.1%,17,18,3,61,58,68.7%,51.8%,50.6%,46,25,93,16,93,5.00,42,0,59.3%,3,6,0,48,95,135,88,94,230,3,0,0,0,31.7%,143,0.29,63.6%,20,30,1,3,258,31.2,13.00,-,19.4%,0.0%,22.6%,36.4%,24.6,31.7%,7,28,0
21,34pl8szyvrbwcmfkuocjm3r6t,Primera División,80zg2v1cuqcfhphn56u4qpyqc,2025/2026,Primera División 2025/2026 (Spain),Primera División (Spain),1tethtdduidjywarrz3qiyx3o,2026-01-04 13:00:00,10eyb18v5puw4ez03ocaug09m,true,false,false,true,false,SEV,SEV,4grc9qgcvusllap8h5j6gc5h5,LEV,LEV,855,L 0-3,7,198.00,25.7%,37.1%,25,14,3,72,55,73.3%,56.8%,49.1%,28,21,61,6,61,11.00,61,0,48.8%,4,6,0,39,85,120,84,82,205,2,0,0,0,33.6%,171,1.70,61.9%,24,14,3,8,344,30.7,19.00,-,7.4%,3.7%,33.3%,27.6%,29.7,33.6%,15,28,3
22,34pl8szyvrbwcmfkuocjm3r6t,Primera División,80zg2v1cuqcfhphn56u4qpyqc,2025/2026,Primera División 2025/2026 (Spain),Primera División (Spain),1nc8632r4hii9bl1ygnappkpg,2025-12-20 20:00:00,10eyb18v5puw4ez03ocaug09m,false,true,false,true,false,SEV,SEV,3kq9cckrnlogidldtdie2fkbl,RMA,RMA,186,L 0-2,37,113.00,8.7%,21.7%,11,18,2,35,57,36.8%,55.0%,66.0%,38,9,55,4,55,11.00,33,0,50.3%,3,8,0,84,154,89,114,45,243,6,0,0,0,29.5%,129,1.56,36.8%,28,20,0,1,384,35.4,13.00,-,20.0%,5.0%,20.0%,10.6%,39.6,29.5%,14,10,3
23,34pl8szyvrbwcmfkuocjm3r6t,Primera División,80zg2v1cuqcfhphn56u4qpyqc,2025/2026,Primera División 2025/2026 (Spain),Primera División (Spain),1lud5oppwm3ngiyzarvb1zoyc,2025-12-14 13:00:00,10eyb18v5puw4ez03ocaug09m,true,false,true,false,false,SEV,SEV,clo928vcczjp0mczavs5o7p5k,OVI,OVI,187,W 4-0,13,125.00,25.8%,29.0%,21,15,0,28,48,50.6%,58.5%,64.8%,22,11,32,6,32,6.00,35,0,50.9%,3,9,0,57,108,108,107,52,216,10,4,0,0,33.5%,144,2.03,61.1%,23,18,0,0,336,30.9,18.00,-,18.8%,18.8%,31.3%,89.4%,28.9,33.5%,13,8,3
24,34pl8szyvrbwcmfkuocjm3r6t,Primera División,80zg2v1cuqcfhphn56u4qpyqc,2025/2026,Primera División 2025/2026 (Spain),Primera División (Spain),1ifuis5x6296qke087rpwo5jo,2025-12-07 15:15:00,10eyb18v5puw4ez03ocaug09m,false,true,false,false,true,SEV,SEV,ba5e91hjacvma2sjvixn00pjo,VAL,VAL,191,D 1-1,21,76.00,31.0%,41.4%,21,15,3,33,31,44.8%,55.2%,68.6%,26,7,35,1,35,4.00,29,0,49.6%,6,9,0,67,128,116,125,52,244,9,1,0,0,36.5%,163,0.29,55.1%,40,13,1,1,198,34.9,14.00,-,17.6%,5.9%,29.4%,50.0%,19.3,36.5%,4,8,1
25,34pl8szyvrbwcmfkuocjm3r6t,Primera División,80zg2v1cuqcfhphn56u4qpyqc,2025/2026,Primera División 2025/2026 (Spain),Primera División (Spain),1eaz7mdny12eiuyeysnycnw2c,2025-11-30 15:15:00,10eyb18v5puw4ez03ocaug09m,true,false,false,true,false,SEV,SEV,ah8dala7suqqkj04n2l8xz4zd,BET,BET,185,L 0-2,24,162.00,38.1%,42.9%,19,21,3,45,68,66.7%,61.8%,51.9%,26,13,41,4,41,7.00,53,0,52.8%,7,6,0,57,91,115,73,76,206,9,0,0,0,34.1%,143,0.35,53.2%,29,20,3,1,284,31.3,24.00,-,10.3%,10.3%,24.1%,26.9%,26.6,34.1%,9,16,1
26,34pl8szyvrbwcmfkuocjm3r6t,Primera División,80zg2v1cuqcfhphn56u4qpyqc,2025/2026,Primera División 2025/2026 (Spain),Primera División (Spain),191yv3mlrk964ybeg2ilya9sk,2025-11-24 20:00:00,10eyb18v5puw4ez03ocaug09m,false,true,false,true,false,SEV,SEV,c8llrezkm3b3op4afrou6b487,ESP,ESP,177,L 1-2,19,178.00,36.0%,40.0%,23,22,1,54,66,59.7%,70.8%,55.0%,28,13,61,6,61,21.00,45,0,57.1%,4,4,1,68,114,82,78,50,196,3,1,0,0,30.2%,149,1.82,61.5%,30,23,2,1,381,35.5,18.00,-,20.7%,3.4%,17.2%,18.8%,33.4,30.2%,22,23,1
27,34pl8szyvrbwcmfkuocjm3r6t,Primera División,80zg2v1cuqcfhphn56u4qpyqc,2025/2026,Primera División 2025/2026 (Spain),Primera División (Spain),17xoblao6gdkidisaddnrpa1g,2025-11-08 15:15:00,10eyb18v5puw4ez03ocaug09m,true,false,true,false,false,SEV,SEV,2l0ldgiwsgb8d6y3z0sfgjzyj,OSA,OSA,450,W 1-0,19,126.00,31.4%,40.0%,15,21,3,36,45,42.6%,51.3%,60.8%,26,16,45,2,45,8.00,25,0,56.6%,5,0,0,77,141,113,128,49,254,5,1,0,0,39.3%,127,1.70,54.2%,38,20,2,4,237,35.5,27.00,-,19.2%,19.2%,15.4%,65.4%,25.1,39.3%,10,14,3
28,34pl8szyvrbwcmfkuocjm3r6t,Primera División,80zg2v1cuqcfhphn56u4qpyqc,2025/2026,Primera División 2025/2026 (Spain),Primera División (Spain),10qg7chtpoj0knqnvx2oduot0,2025-11-01 15:15:00,10eyb18v5puw4ez03ocaug09m,false,true,false,true,false,SEV,SEV,4ku8o6uf87yd8iecdalipo6wd,ATM,ATM,175,L 0-3,27,122.00,18.2%,36.4%,13,27,2,35,82,53.2%,52.1%,57.7%,46,15,84,8,84,9.00,21,0,62.9%,6,3,0,107,168,133,143,51,301,7,0,0,0,31.5%,167,0.35,58.2%,44,24,1,2,395,38.9,17.00,-,30.8%,3.8%,11.5%,17.2%,22.5,31.5%,10,8,0
29,34pl8szyvrbwcmfkuocjm3r6t,Primera División,80zg2v1cuqcfhphn56u4qpyqc,2025/2026,Primera División 2025/2026 (Spain),Primera División (Spain),xcapf185ght9jj3jcgj4v0us,2025-10-24 19:00:00,10eyb18v5puw4ez03ocaug09m,false,true,false,true,false,SEV,SEV,63f5h8t5e9qm1fqmvfkb23ghh,RSO,RSO,188,L 1-2,19,142.00,35.7%,39.3%,16,17,5,50,55,61.7%,59.1%,55.8%,22,16,44,1,44,3.00,52,1,53.0%,4,4,0,61,101,98,85,53,199,6,1,0,0,37.9%,176,0.23,50.0%,34,17,0,0,338,34.2,23.00,-,32.3%,0.0%,22.6%,10.4%,26.3,37.9%,6,15,0
30,34pl8szyvrbwcmfkuocjm3r6t,Primera División,80zg2v1cuqcfhphn56u4qpyqc,2025/2026,Primera División 2025/2026 (Spain),Primera División (Spain),wlegmdabr8ruispvl8gtzv9w,2025-10-18 12:00:00,10eyb18v5puw4ez03ocaug09m,true,false,false,true,false,SEV,SEV,50x1m4u58lffhq6v6ga1hbxmy,MLL,MLL,181,L 1-3,12,138.00,23.8%,38.1%,15,23,2,41,53,56.5%,58.4%,56.6%,25,11,51,6,51,9.00,41,0,56.4%,2,8,0,62,108,109,101,54,217,2,1,0,0,33.4%,138,1.26,58.3%,29,19,2,4,327,34.6,19.00,-,9.5%,9.5%,19.0%,55.5%,26.6,33.4%,13,24,1
31,34pl8szyvrbwcmfkuocjm3r6t,Primera División,80zg2v1cuqcfhphn56u4qpyqc,2025/2026,Primera División 2025/2026 (Spain),Primera División (Spain),rbyhgw1kyp0ghg2qpvznvvv8,2025-10-05 14:15:00,10eyb18v5puw4ez03ocaug09m,true,false,true,false,false,SEV,SEV,agh9ifb2mw3ivjusgedj7c3fe,BAR,BAR,178,W 4-1,30,114.00,13.3%,33.3%,15,24,3,17,32,32.4%,44.2%,61.4%,33,9,45,11,45,7.00,15,0,60.5%,8,7,0,89,152,112,116,59,264,8,3,0,1,39.8%,106,2.76,45.5%,25,17,1,2,133,34.2,14.00,-,29.4%,29.4%,23.5%,76.1%,22.3,39.8%,13,14,5
32,34pl8szyvrbwcmfkuocjm3r6t,Primera División,80zg2v1cuqcfhphn56u4qpyqc,2025/2026,Primera División 2025/2026 (Spain),Primera División (Spain),nl5iakd17ewjayh3ah21iolw,2025-09-28 12:00:00,10eyb18v5puw4ez03ocaug09m,false,true,true,false,false,SEV,SEV,3budh3j9xivsid3ptm8ptpy4k,RAY,RAY,184,W 1-0,26,89.00,27.0%,29.7%,19,29,1,27,37,34.8%,37.9%,62.4%,18,6,27,3,27,0.00,16,0,51.2%,10,7,0,86,142,150,134,72,292,10,1,0,0,49.3%,138,0.55,54.5%,28,17,1,1,141,33.4,16.00,-,27.3%,18.2%,40.9%,21.4%,18.9,49.3%,4,10,1
33,34pl8szyvrbwcmfkuocjm3r6t,Primera División,80zg2v1cuqcfhphn56u4qpyqc,2025/2026,Primera División 2025/2026 (Spain),Primera División (Spain),jtywnxc2k08euwiq1ssvws9g,2025-09-23 19:30:00,10eyb18v5puw4ez03ocaug09m,true,false,false,true,false,SEV,SEV,74mcjsm72vr3l9pw2i4qfjchj,VIL,VIL,449,L 1-2,26,223.00,32.3%,35.5%,13,23,4,76,78,64.5%,65.2%,54.5%,24,18,55,3,55,13.00,42,0,53.9%,7,8,0,62,114,101,90,63,215,5,1,0,0,30.2%,181,0.97,57.1%,36,29,1,7,356,30.6,33.00,-,14.7%,0.0%,17.6%,31.3%,26.2,30.2%,16,25,1
34,34pl8szyvrbwcmfkuocjm3r6t,Primera División,80zg2v1cuqcfhphn56u4qpyqc,2025/2026,Primera División 2025/2026 (Spain),Primera División (Spain),e7g814p4n7r5gtpdqewz89p0,2025-09-20 16:30:00,10eyb18v5puw4ez03ocaug09m,false,true,true,false,false,SEV,SEV,4dtdjgnpdq9uw4sdutti0vaar,ALA,ALA,173,W 2-1,13,129.00,25.7%,28.6%,20,25,4,31,43,41.4%,60.1%,61.9%,40,11,56,6,56,6.00,32,0,45.9%,2,7,0,73,148,94,116,53,242,4,2,0,0,33.6%,142,0.48,58.9%,41,12,1,1,317,33.8,18.00,-,0.0%,16.0%,40.0%,45.8%,23.1,33.6%,9,12,2
35,34pl8szyvrbwcmfkuocjm3r6t,Primera División,80zg2v1cuqcfhphn56u4qpyqc,2025/2026,Primera División 2025/2026 (Spain),Primera División (Spain),du8jha9qxukb7ki17m3y3aj8,2025-09-12 19:00:00,10eyb18v5puw4ez03ocaug09m,true,false,false,false,true,SEV,SEV,4yg9ttzw0m51048doksv8uq5r,ELC,ELC,954,D 2-2,16,205.00,33.3%,44.4%,25,16,7,39,42,65.6%,40.8%,40.1%,24,19,56,5,56,3.00,57,0,54.0%,6,10,0,47,95,131,91,88,226,4,2,0,0,36.5%,143,0.40,72.2%,31,16,6,6,305,27.5,17.00,-,9.7%,6.5%,35.5%,35.7%,26.2,36.5%,7,19,0
36,34pl8szyvrbwcmfkuocjm3r6t,Primera División,80zg2v1cuqcfhphn56u4qpyqc,2025/2026,Primera División 2025/2026 (Spain),Primera División (Spain),91dd8ia3m0bxoqzjgyo3ptsk,2025-08-30 17:30:00,10eyb18v5puw4ez03ocaug09m,false,true,true,false,false,SEV,SEV,7h7eg7q7dbwvzww78h9d5eh0h,GIR,GIR,2893,W 2-0,43,88.00,27.3%,27.3%,14,18,5,27,36,32.9%,46.9%,67.9%,19,9,24,2,24,8.00,21,0,54.6%,6,6,0,95,166,132,144,59,298,7,2,0,0,33.2%,107,1.32,45.5%,30,13,1,1,232,31.4,10.00,-,11.8%,23.5%,23.5%,63.1%,18.4,33.2%,13,5,2
37,34pl8szyvrbwcmfkuocjm3r6t,Primera División,80zg2v1cuqcfhphn56u4qpyqc,2025/2026,Primera División 2025/2026 (Spain),Primera División (Spain),3677z72kaa3hckjtmi5qnb4k,2025-08-25 19:30:00,10eyb18v5puw4ez03ocaug09m,true,false,false,true,false,SEV,SEV,1n1j0wsl763lq7ee1k0c11c02,GET,GET,1450,L 1-2,17,186.00,38.1%,40.5%,20,24,3,67,97,74.2%,66.4%,51.1%,23,23,47,4,47,11.00,47,0,57.9%,4,6,0,55,92,96,76,57,188,1,1,0,0,28.1%,150,0.51,67.6%,48,32,6,6,457,33.5,20.00,-,5.9%,5.9%,17.6%,29.4%,26.9,28.1%,12,31,1
38,34pl8szyvrbwcmfkuocjm3r6t,Primera División,80zg2v1cuqcfhphn56u4qpyqc,2025/2026,Primera División 2025/2026 (Spain),Primera División (Spain),ine2hgzsb0qatru98nl045w,2025-08-17 17:30:00,10eyb18v5puw4ez03ocaug09m,false,true,false,true,false,SEV,SEV,3czravw89omgc9o4s0w3l1bg5,ATH,ATH,174,L 2-3,29,116.00,31.7%,39.0%,24,32,0,42,58,46.4%,59.4%,63.9%,32,20,53,5,53,8.00,37,0,53.4%,7,4,0,78,151,106,126,53,257,4,1,0,1,32.3%,154,1.01,54.4%,26,17,1,3,270,36.1,17.00,-,24.0%,8.0%,8.0%,9.6%,17.4,32.3%,12,10,0
